feature	metadata	value	coef	stderr	N	N.not.0	pval	qval
Faecalibacterium.prausnitzii	dysbiosis	dysbiosis	-2.60114723437856	0.0835445833021301	1595	1534	1.81789022361357e-165	4.5810833635062e-163
Subdoligranulum.unclassified	dysbiosis	dysbiosis	-1.45707046224888	0.0709200182022464	1595	1546	3.59676882522676e-83	4.53192871978572e-81
Bacteroides.uniformis	dysbiosis	dysbiosis	-2.16626520769842	0.113523602870805	1595	1391	2.94083929363957e-73	2.47030500665724e-71
Eubacterium.rectale	dysbiosis	dysbiosis	-2.44774676547332	0.132981918351094	1595	1318	1.10092851714561e-68	6.93584965801735e-67
Ruminococcus.obeum	dysbiosis	dysbiosis	-1.52385310200964	0.0974473112089435	1595	1346	3.26829884304581e-51	1.64722261689509e-49
Alistipes.putredinis	dysbiosis	dysbiosis	-2.00410240703349	0.130208362110732	1595	940	6.49596045882912e-50	2.72830339270823e-48
Bacteroides.vulgatus	dysbiosis	dysbiosis	-1.54286796266385	0.100381707326125	1595	1455	9.09016021616872e-50	3.27245767782074e-48
Alistipes.shahii	dysbiosis	dysbiosis	-1.55995482309516	0.103530848665288	1595	757	5.21558000049333e-48	1.6429077001554e-46
Coprococcus.comes	dysbiosis	dysbiosis	-1.38887418186893	0.0997718643799583	1595	848	1.18552873015073e-41	3.31948044442205e-40
Eubacterium.eligens	dysbiosis	dysbiosis	-1.88042738821026	0.136302109990689	1595	1015	5.62879483640854e-41	1.41845629877495e-39
Eubacterium.ventriosum	dysbiosis	dysbiosis	-1.48714617847788	0.110237660198233	1595	627	2.39563296170156e-39	5.48817733044359e-38
Bacteroides.ovatus	dysbiosis	dysbiosis	-1.36104662838796	0.102479426039426	1595	1319	3.13705493769488e-38	6.58781536915925e-37
Alistipes.onderdonkii	dysbiosis	dysbiosis	-1.48399594857615	0.114030045291422	1595	896	7.69905681004377e-37	1.49243255087002e-35
Odoribacter.splanchnicus	dysbiosis	dysbiosis	-0.553015929181191	0.0427314632385212	1595	662	1.71023593253037e-36	3.07842467855466e-35
Dorea.longicatena	dysbiosis	dysbiosis	-1.38920261750431	0.108151402685899	1595	1063	5.30133972305682e-36	8.90625073473546e-35
Oscillibacter.unclassified	dysbiosis	dysbiosis	-1.69292774424941	0.133301178674014	1595	1296	4.89073351655623e-35	7.70290528857607e-34
Roseburia.inulinivorans	dysbiosis	dysbiosis	-1.72298541212684	0.142340586487687	1595	1074	3.0083442228342e-32	4.45942790678953e-31
Clostridium.leptum	dysbiosis	dysbiosis	-1.34608606001494	0.112958125913879	1595	812	2.08741972812321e-31	2.9223876193725e-30
Lachnospiraceae.bacterium.3.1.46FAA	dysbiosis	dysbiosis	-1.26887072628133	0.107490480818969	1595	992	6.91508898755936e-31	9.17159170981558e-30
Parabacteroides.merdae	dysbiosis	dysbiosis	-1.21605295257296	0.104096409645135	1595	911	2.82177931077129e-30	3.55544193157183e-29
Bacteroides.caccae	dysbiosis	dysbiosis	-1.25590178961845	0.111348419360726	1595	1072	2.06978446802816e-28	2.39192180166478e-27
Roseburia.hominis	dysbiosis	dysbiosis	-1.77221179946851	0.156982976254506	1595	1061	2.08818569986608e-28	2.39192180166478e-27
Bilophila.unclassified	dysbiosis	dysbiosis	-1.13588354497788	0.101111217422506	1595	885	3.1260523345508e-28	3.42506603611653e-27
Collinsella.aerofaciens	dysbiosis	dysbiosis	-1.10116372436321	0.0989396224542969	1595	835	9.25332820644025e-28	9.71599461676226e-27
Alistipes.finegoldii	dysbiosis	dysbiosis	-0.940909100592653	0.0862802159130533	1595	788	9.83194200949748e-27	9.91059754557346e-26
Eubacterium.siraeum	dysbiosis	dysbiosis	-1.46194782188874	0.136966937297816	1595	656	9.80949749869889e-26	9.50766680643123e-25
Bacteroides.xylanisolvens	dysbiosis	dysbiosis	-1.11853944930204	0.107005373449205	1595	1072	8.8742465024627e-25	8.28263006896519e-24
Parabacteroides.distasonis	dysbiosis	dysbiosis	-1.23147089156688	0.12086227073372	1595	935	1.1774322954779e-23	1.05968906593011e-22
Bacteroidales.bacterium.ph8	dysbiosis	dysbiosis	-0.882302756074431	0.0895724454369871	1595	472	2.97814214326731e-22	2.58790282794263e-21
Bacteroides.thetaiotaomicron	dysbiosis	dysbiosis	-1.05267703969136	0.11123531378597	1595	1121	1.05663803895082e-20	8.8757595271869e-20
Eubacterium.hallii	dysbiosis	dysbiosis	-1.13561330060042	0.121899472672233	1595	923	4.09849298126903e-20	3.3316781654187e-19
Barnesiella.intestinihominis	dysbiosis	dysbiosis	-0.739474366228425	0.0800719541411049	1595	484	8.37171176910369e-20	6.59272301816916e-19
Klebsiella.pneumoniae	dysbiosis	dysbiosis	0.813091501591246	0.0948880318661551	1595	171	4.74120590782328e-17	3.62055723870141e-16
Ruminococcus.torques	dysbiosis	dysbiosis	-0.595806057038837	0.0703651787589883	1595	1514	6.17199151369845e-17	4.57453488662356e-16
Ruminococcus.bromii	dysbiosis	dysbiosis	-1.03614813547616	0.125679336614323	1595	512	3.43597968627011e-16	2.47390537411448e-15
Bacteroides.stercoris	dysbiosis	dysbiosis	-1.07718790693406	0.136448921046915	1595	1063	5.4676379709681e-15	3.82734657967767e-14
Bacteroides.dorei	dysbiosis	dysbiosis	-0.934784299458562	0.121148582276538	1595	1048	2.12622618530079e-14	1.44813242890756e-13
Roseburia.intestinalis	dysbiosis	dysbiosis	-1.35904028999796	0.178186823584812	1595	1001	4.18381793988949e-14	2.77453189697934e-13
Bacteroides.eggerthii	dysbiosis	dysbiosis	-0.63737970543867	0.0859019604846931	1595	309	1.92402160189265e-13	1.24321395814602e-12
Dialister.invisus	dysbiosis	dysbiosis	-0.825663160899763	0.113523327813624	1595	777	5.51858706335584e-13	3.47670984991418e-12
Bacteroides.finegoldii	dysbiosis	dysbiosis	-0.615284656167823	0.0905888656480077	1595	400	1.57395267773812e-11	9.67405060463429e-11
Bacteroides.cellulosilyticus	dysbiosis	dysbiosis	-0.595864982647289	0.0892790414080805	1595	526	3.45823280918634e-11	2.0749396855118e-10
Bifidobacterium.bifidum	dysbiosis	dysbiosis	-0.572019985440229	0.0878932654696489	1595	425	1.01779157748375e-10	5.96473203548618e-10
Flavonifractor.plautii	dysbiosis	dysbiosis	-0.742429955963004	0.115586472750953	1595	1068	1.76186908278986e-10	1.00907047468874e-09
Ruminococcus.lactaris	dysbiosis	dysbiosis	-0.642931861075888	0.103723869994453	1595	454	7.26235310224502e-10	4.06691773725721e-09
Clostridium.clostridioforme	dysbiosis	dysbiosis	0.68809214410612	0.114772021773993	1595	518	2.51207887443747e-09	1.37618233990922e-08
Bifidobacterium.longum	dysbiosis	dysbiosis	-0.719363124185518	0.121933933094905	1595	1002	4.44275406547817e-09	2.38207239255425e-08
Acidaminococcus.unclassified	dysbiosis	dysbiosis	-0.464778616344029	0.0800553510022129	1595	194	7.75955222487087e-09	4.07376491805721e-08
Escherichia.coli	dysbiosis	dysbiosis	0.756821605655709	0.132245535354702	1595	975	1.26471458650754e-08	6.50424644489594e-08
Sutterella.wadsworthensis	dysbiosis	dysbiosis	-0.628376706435072	0.116464263879578	1595	432	7.88600994092263e-08	3.97454901022501e-07
Paraprevotella.unclassified	dysbiosis	dysbiosis	-0.381610052516067	0.0738741421158544	1595	243	2.70996363584786e-07	1.33904085536012e-06
Bacteroides.fragilis	dysbiosis	dysbiosis	-0.787437483451757	0.153517024955351	1595	891	3.26727915734641e-07	1.58337374548326e-06
Coprobacillus.unclassified	dysbiosis	dysbiosis	0.516964845437533	0.101041210996662	1595	415	3.52997649192235e-07	1.67840391691402e-06
Bifidobacterium.adolescentis	dysbiosis	dysbiosis	-0.599601011604883	0.118664698378714	1595	555	4.85358719194125e-07	2.26500735623925e-06
Parabacteroides.goldsteinii	dysbiosis	dysbiosis	-0.29537428982204	0.0626954293805495	1595	187	2.67839080906012e-06	1.22718997069664e-05
Bifidobacterium.pseudocatenulatum	dysbiosis	dysbiosis	-0.376246982550747	0.0801610083437231	1595	230	2.92050758542739e-06	1.31422841344233e-05
Burkholderiales.bacterium.1.1.47	dysbiosis	dysbiosis	-0.470358620993177	0.10098507987762	1595	731	3.46610219005153e-06	1.53238202086489e-05
Bacteroides.intestinalis	dysbiosis	dysbiosis	-0.25510295451176	0.0552636425437244	1595	193	4.23237546544134e-06	1.83889416774348e-05
Bacteroides.massiliensis	dysbiosis	dysbiosis	-0.537714022135533	0.118039269320175	1595	577	5.63899130615339e-06	2.40851832059433e-05
Paraprevotella.clara	dysbiosis	dysbiosis	-0.23392198297045	0.0522236214279604	1595	191	8.04872757323555e-06	3.38046558075893e-05
Parasutterella.excrementihominis	dysbiosis	dysbiosis	-0.465069320591267	0.104588003764327	1595	759	9.32876315913439e-06	3.85384969852765e-05
Bacteroides.faecis	dysbiosis	dysbiosis	-0.357257321294633	0.0815806640438485	1595	604	1.27233244218701e-05	5.17141573276011e-05
Ruminococcus.gnavus	dysbiosis	dysbiosis	0.514555028343213	0.1337458816726	1595	970	0.000124238885016402	0.000496955540065608
Ruminococcus.callidus	dysbiosis	dysbiosis	-0.399642769803021	0.106473366779464	1595	323	0.000180975197700287	0.000712589840944881
Alistipes.unclassified	dysbiosis	dysbiosis	0.303081332107049	0.0977283454138674	1595	224	0.00196083610460872	0.0076020107440215
Akkermansia.muciniphila	diagnosis	UC	-3.35940722486955	1.10540299348226	1595	578	0.00292689914004723	0.0111754330801803
Lachnospiraceae.bacterium.1.1.57FAA	dysbiosis	dysbiosis	-0.376184106856149	0.127423666051621	1595	475	0.00321397017920549	0.012088365450146
Haemophilus.parainfluenzae	dysbiosis	dysbiosis	-0.397858864890002	0.14004604499985	1595	887	0.00455825102354612	0.0168923420284356
Clostridium.bolteae	diagnosis	CD	2.47420779770209	0.883844427928112	1595	1138	0.00604747268322667	0.0220864219735235
Bifidobacterium.adolescentis	diagnosis	CD	-2.49508080019908	0.89668299944329	1595	555	0.00625155690417122	0.0225056048550164
Parabacteroides.goldsteinii	diagnosis	CD	-1.64692052862739	0.59360570494389	1595	187	0.00637919414953951	0.0226416468406191
Alistipes.putredinis	diagnosis	UC	-3.6369801098917	1.31939326136932	1595	940	0.00674979385854417	0.0236242785049046
Alistipes.shahii	diagnosis	UC	-3.15276207574479	1.18698508613687	1595	757	0.00895905149715606	0.0309271366751141
Coprobacillus.unclassified	diagnosis	UC	1.5317934345076	0.593736203511287	1595	415	0.0112006185658389	0.0381426470079918
Alistipes.shahii	diagnosis	CD	-2.7033406136085	1.07857588418248	1595	757	0.0135143791178729	0.0449389210012049
Ruminococcus.callidus	diagnosis	CD	-1.55134329036195	0.618423315533357	1595	323	0.0135530079209983	0.0449389210012049
Ruminococcus.bromii	diagnosis	CD	-2.2848464131025	0.916467069083096	1595	512	0.0139924882469866	0.0457935978992288
Roseburia.inulinivorans	diagnosis	CD	-1.97655040339704	0.79666921423791	1595	1074	0.0145221827670147	0.0469178212472783
Prevotella.copri	dysbiosis	dysbiosis	-0.294327744173148	0.125476977990039	1595	439	0.0191177281708719	0.0609831328994901
Ruminococcus.bromii	diagnosis	UC	-2.33706165037359	1.00918205805749	1595	512	0.0222206366145381	0.069995005335795
Alistipes.finegoldii	diagnosis	UC	-2.4691129602686	1.06973221221282	1595	788	0.0226546347220554	0.07048108580195
Clostridium.symbiosum	diagnosis	CD	1.87309750925006	0.819285461108766	1595	801	0.0241280110222846	0.0738058360368209
Roseburia.hominis	diagnosis	CD	-1.94573260790685	0.852526226471667	1595	1061	0.0243090650438735	0.0738058360368209
Clostridium.symbiosum	diagnosis	UC	2.03519389534339	0.902389692863269	1595	801	0.0260619956763987	0.078185987029196
Bilophila.unclassified	diagnosis	UC	-2.09715410164568	0.940599029190388	1595	885	0.027647772302052	0.0819675131778483
Akkermansia.muciniphila	diagnosis	CD	-2.22829807348476	1.00364251575757	1595	578	0.0283310226733271	0.0830164850427724
Peptostreptococcaceae.noname.unclassified	diagnosis	CD	-0.787771781348302	0.36185870112944	1595	423	0.0315910264722706	0.0915050421955423
Roseburia.unclassified	dysbiosis	dysbiosis	-0.392795022397653	0.184080030286248	1595	513	0.0330761712544182	0.0947181267740157
Clostridium.leptum	diagnosis	CD	-1.58037049360167	0.734872605004569	1595	812	0.0335589002156973	0.0950207062287158
Alistipes.onderdonkii	diagnosis	CD	-2.47239226815878	1.17534197316322	1595	896	0.037487967314314	0.104966308480079
Barnesiella.intestinihominis	diagnosis	CD	-2.42442912491108	1.16457334375587	1595	484	0.0394078698662091	0.109129485783348
Alistipes.onderdonkii	diagnosis	UC	-2.62782096147716	1.29349930777581	1595	896	0.0443811120985389	0.121565654878607
Clostridium.clostridioforme	diagnosis	CD	1.55793583748967	0.77700546479426	1595	518	0.0473640640355032	0.128255725838913
Clostridium.leptum	diagnosis	UC	-1.61837251799149	0.809341819537314	1595	812	0.0478414215430866	0.128255725838913
Sutterella.wadsworthensis	diagnosis	UC	-2.62011249052609	1.34263393636285	1595	432	0.0533334313972463	0.141473944337959
Ruminococcus.callidus	diagnosis	UC	-1.3201519256451	0.681155318604122	1595	323	0.0551222940666027	0.144696021924832
Coprobacillus.unclassified	diagnosis	CD	1.03567562208806	0.539050880567942	1595	415	0.0572815438828048	0.148813907819245
Bacteroides.eggerthii	diagnosis	CD	-1.9163287708439	1.01285989223464	1595	309	0.0608283559465637	0.153287456985341
Clostridium.citroniae	dysbiosis	dysbiosis	-0.1924843024473	0.102543809017136	1595	462	0.0607322404214151	0.153287456985341
Clostridium.hathewayi	dysbiosis	dysbiosis	-0.264112759276395	0.140551975654893	1595	757	0.0604256127358878	0.153287456985341
Eubacterium.ventriosum	diagnosis	CD	-1.7170166537169	0.920909114084742	1595	627	0.0646447563596132	0.161291867352698
Alistipes.putredinis	diagnosis	CD	-2.22759825849708	1.19864591709802	1595	940	0.0655553227963125	0.161960209261478
Parabacteroides.distasonis	diagnosis	UC	2.30487925075609	1.25076178884946	1595	935	0.0677597393949438	0.164899782186464
Ruminococcus.lactaris	diagnosis	CD	-1.79427642576431	0.974789714257291	1595	454	0.0680538783626678	0.164899782186464
Roseburia.hominis	diagnosis	UC	-1.72395023277576	0.939016268957694	1595	1061	0.0689541128785332	0.16548987090848
Parabacteroides.goldsteinii	diagnosis	UC	-1.19178907418608	0.653372335912996	1595	187	0.0705259683038165	0.166367650534882
Subdoligranulum.unclassified	diagnosis	CD	-0.798781575730017	0.437771723914561	1595	1546	0.0706402325683826	0.166367650534882
Eubacterium.hallii	diagnosis	CD	-1.26553228047638	0.699730499342684	1595	923	0.0729991727459028	0.170331403073773
Streptococcus.salivarius	dysbiosis	dysbiosis	-0.213271552829977	0.119677635944692	1595	582	0.0749506835026807	0.173280479290601
Akkermansia.muciniphila	dysbiosis	dysbiosis	-0.287691369917383	0.162062825446457	1595	578	0.0760630048299551	0.174253429246806
Parabacteroides.unclassified	dysbiosis	dysbiosis	-0.229543779520812	0.130196397020816	1595	730	0.0780829877959392	0.177269485806997
Barnesiella.intestinihominis	diagnosis	UC	-2.26612583984621	1.28105097310205	1595	484	0.0793446728707174	0.178525513959114
Peptostreptococcaceae.noname.unclassified	dysbiosis	dysbiosis	-0.20301436323551	0.115993432223955	1595	423	0.0806185059420806	0.179786402631896
Bacteroides.finegoldii	diagnosis	CD	-2.00125695372335	1.14245994866362	1595	400	0.0823177233482171	0.181965493717112
Bacteroidales.bacterium.ph8	diagnosis	UC	-1.71936846677979	0.983618191908015	1595	472	0.0830474829458734	0.181982310455305
Eubacterium.siraeum	diagnosis	UC	-2.10085869647127	1.21040968117165	1595	656	0.0850979716747843	0.184868007431428
Sutterella.wadsworthensis	diagnosis	CD	-2.10711298976919	1.22001974497383	1595	432	0.0867307658446559	0.186804726434644
Oscillibacter.unclassified	diagnosis	UC	1.24403932685947	0.727482393730735	1595	1296	0.0899250776037973	0.192043386069126
Parabacteroides.unclassified	diagnosis	CD	1.58222588897169	0.936303584092937	1595	730	0.0936188494151122	0.195091484353704
Alistipes.finegoldii	diagnosis	CD	-1.64913437214917	0.972149104881907	1595	788	0.0923422483194171	0.195091484353704
Ruminococcus.gnavus	diagnosis	CD	1.45400171434069	0.859953932740695	1595	970	0.0936748793920562	0.195091484353704
Veillonella.unclassified	dysbiosis	dysbiosis	-0.239386260964906	0.146584964396721	1595	995	0.10265428811217	0.212040004953007
Odoribacter.splanchnicus	diagnosis	UC	-0.643047018509704	0.394558971660659	1595	662	0.105764219579732	0.216687669382865
Flavonifractor.plautii	diagnosis	CD	1.26387055153638	0.778309443186009	1595	1068	0.107120273477147	0.217696039647105
Bacteroides.ovatus	diagnosis	UC	1.7687624103546	1.10448730787331	1595	1319	0.111792959256277	0.225374605860655
Bacteroides.fragilis	diagnosis	CD	2.24111217616838	1.41346336467965	1595	891	0.115430609542406	0.230861219084812
Clostridium.bolteae	diagnosis	UC	1.52396779715756	0.97346203378204	1595	1138	0.12032750154628	0.238760081808366
Bacteroides.xylanisolvens	diagnosis	CD	1.37745029758641	0.930103967412013	1595	1072	0.141177652091116	0.277943502554384
Parabacteroides.unclassified	diagnosis	UC	1.45802623627338	1.03104707136127	1595	730	0.159877079030282	0.312318014849854
Lachnospiraceae.bacterium.1.1.57FAA	diagnosis	UC	-0.861011723012464	0.623341075312174	1595	475	0.169721565475706	0.328998726922138
Eubacterium.rectale	diagnosis	CD	-1.19772552493077	0.877497551563166	1595	1318	0.174873526527468	0.336397928892533
Roseburia.intestinalis	diagnosis	CD	-1.39370687970876	1.05983003618747	1595	1001	0.191039901962436	0.361970340560406
Faecalibacterium.prausnitzii	diagnosis	UC	0.723479676218323	0.548470208664516	1595	1534	0.189678681623325	0.361970340560406
Roseburia.unclassified	diagnosis	CD	0.984063454559273	0.766222386683706	1595	513	0.201674177967852	0.37926785707387
Clostridium.nexile	dysbiosis	dysbiosis	0.121876306132932	0.0992977490479539	1595	273	0.219863725154406	0.410412286954892
Ruminococcus.obeum	diagnosis	UC	0.755255767562266	0.615742973635572	1595	1346	0.222544681443531	0.412362203851248
Escherichia.coli	diagnosis	CD	0.892807351586339	0.734974222132949	1595	975	0.22711243149474	0.417754253552368
Bacteroides.massiliensis	diagnosis	CD	-1.67724699324835	1.39589498821875	1595	577	0.231861355965987	0.423398997850933
Clostridium.citroniae	diagnosis	CD	0.570248266458933	0.480106354887474	1595	462	0.237635465052955	0.430821130887372
Eubacterium.siraeum	diagnosis	CD	-1.2659418875783	1.09937863614193	1595	656	0.251737009124567	0.45312661642422
Parabacteroides.distasonis	diagnosis	CD	1.29311668797021	1.13633606725755	1595	935	0.257343304661761	0.457395864716343
Clostridium.hathewayi	diagnosis	CD	0.873443084774041	0.770786088383872	1595	757	0.259554002596972	0.457395864716343
Eubacterium.eligens	diagnosis	UC	1.21590582357886	1.06945909693738	1595	1015	0.257833797431062	0.457395864716343
Bacteroides.stercoris	diagnosis	CD	-1.72493110447871	1.55749970300849	1595	1063	0.270229319076376	0.472901308383658
Collinsella.aerofaciens	diagnosis	UC	0.948207499794844	0.85986994698478	1595	835	0.27229411814597	0.473228398432996
Eubacterium.rectale	diagnosis	UC	-1.05016182027941	0.966403809362442	1595	1318	0.279394983735545	0.478962829260934
C2likevirus.unclassified	diagnosis	CD	-0.323330506992768	0.296544994503577	1595	389	0.277902177902877	0.478962829260934
Klebsiella.pneumoniae	diagnosis	CD	0.391596165211708	0.364388049323575	1595	171	0.285359908255615	0.485883087029831
Subdoligranulum.unclassified	diagnosis	UC	-0.498804842197743	0.482159271626901	1595	1546	0.303051517055586	0.512543505355756
Burkholderiales.bacterium.1.1.47	diagnosis	UC	1.07138088772901	1.04592864484166	1595	731	0.307679366601299	0.516901335890183
Escherichia.unclassified	diagnosis	UC	0.472197694175649	0.46528033038399	1595	637	0.312766555012522	0.521968025583811
Streptococcus.salivarius	diagnosis	UC	0.692675510613161	0.693557770017935	1595	582	0.320028322732422	0.530573271898489
Bacteroides.caccae	diagnosis	CD	-1.29255686509805	1.32830638482282	1595	1072	0.33242617819135	0.536602141693464
Flavonifractor.plautii	diagnosis	UC	0.8347833114766	0.857144578073415	1595	1068	0.332123298839241	0.536602141693464
Acidaminococcus.unclassified	diagnosis	CD	0.905755694678185	0.924404966240104	1595	194	0.3291308365762	0.536602141693464
Veillonella.dispar	dysbiosis	dysbiosis	0.102702034142249	0.105475930730326	1595	495	0.330358021277369	0.536602141693464
C2likevirus.unclassified	dysbiosis	dysbiosis	0.0949543958503059	0.0982599884244604	1595	389	0.334311651769341	0.536602141693464
Paraprevotella.clara	diagnosis	CD	-0.716403232582451	0.743925929450306	1595	191	0.33744664702274	0.538206044618547
Bacteroides.eggerthii	diagnosis	UC	-1.06788871605673	1.11445607901311	1595	309	0.339817805993279	0.538579164215764
Ruminococcus.gnavus	diagnosis	UC	0.864288455403031	0.947110752813615	1595	970	0.363446022524336	0.57242748547583
Veillonella.atypica	diagnosis	UC	0.653304661383004	0.729694797870515	1595	524	0.372617292721664	0.583227066868692
Bifidobacterium.longum	diagnosis	UC	0.884461198199183	1.02375673081705	1595	1002	0.38931668665825	0.58596710259824
Bacteroides.cellulosilyticus	diagnosis	UC	-1.0704073771278	1.24216471388938	1595	526	0.390489555505742	0.58596710259824
Bacteroides.cellulosilyticus	diagnosis	CD	-0.982232329591681	1.12903399490917	1595	526	0.385987336114989	0.58596710259824
Clostridium.hathewayi	diagnosis	UC	0.74630111399799	0.848984103822223	1595	757	0.381253297164428	0.58596710259824
Dialister.invisus	diagnosis	CD	0.951228744971037	1.10415988961377	1595	777	0.390644735065494	0.58596710259824
Bilophila.unclassified	diagnosis	CD	-0.750720095471845	0.854392526097705	1595	885	0.381359591235319	0.58596710259824
Escherichia.unclassified	dysbiosis	dysbiosis	0.126542819229803	0.145859106477149	1595	637	0.386135093985047	0.58596710259824
Veillonella.dispar	diagnosis	CD	-0.535312393344795	0.626954092505952	1595	495	0.394898311190322	0.588842452189119
Paraprevotella.unclassified	diagnosis	CD	-0.815025475703899	0.984042805081743	1595	243	0.409144792504164	0.606496986535584
Prevotella.copri	diagnosis	CD	-1.1121325150142	1.37269969497626	1595	439	0.419442062319044	0.61812514447017
Acidaminococcus.unclassified	diagnosis	UC	0.814090622605477	1.01715900685442	1595	194	0.42507095975873	0.619178507856648
Veillonella.parvula	dysbiosis	dysbiosis	-0.106629014171581	0.133028870700062	1595	853	0.422935180502068	0.619178507856648
Eubacterium.ventriosum	diagnosis	UC	-0.787932836864981	1.01384688344277	1595	627	0.438549226405217	0.635140258931694
Bacteroides.vulgatus	diagnosis	CD	-0.771898928664879	1.01269647136129	1595	1455	0.447358317930037	0.636916927222426
Dorea.longicatena	diagnosis	CD	-0.674212962568793	0.883820247615776	1595	1063	0.447079784171245	0.636916927222426
Faecalibacterium.prausnitzii	diagnosis	CD	-0.380534291653435	0.497965028283513	1595	1534	0.446278529381302	0.636916927222426
Bacteroidales.bacterium.ph8	diagnosis	CD	-0.648575096842263	0.89372050017327	1595	472	0.469453270223043	0.664619236495543
Bacteroides.caccae	diagnosis	UC	-1.0304355014884	1.46151982779691	1595	1072	0.482116542326692	0.674284011952171
Bacteroides.thetaiotaomicron	diagnosis	CD	-0.844193770862652	1.21195144786429	1595	1121	0.487377294370376	0.674284011952171
Clostridium.bolteae	dysbiosis	dysbiosis	-0.10098416920095	0.143329085596888	1595	1138	0.481188871363103	0.674284011952171
Eubacterium.eligens	diagnosis	CD	-0.673015591283019	0.971172532819146	1595	1015	0.489658627727172	0.674284011952171
Lachnospiraceae.bacterium.3.1.46FAA	diagnosis	UC	-0.603674628878194	0.868118336746989	1595	992	0.488174615331423	0.674284011952171
Bacteroides.uniformis	diagnosis	UC	0.69269837979804	1.00804664540655	1595	1391	0.493269574891046	0.675564852568172
Collinsella.aerofaciens	diagnosis	CD	-0.520967741207551	0.780972043231068	1595	835	0.505975954914562	0.676497782088682
Bacteroides.xylanisolvens	diagnosis	UC	0.68076527623665	1.02389995015094	1595	1072	0.507373336566511	0.676497782088682
Oscillibacter.unclassified	diagnosis	CD	0.4471158425149	0.660511993750043	1595	1296	0.499798470343462	0.676497782088682
Escherichia.coli	diagnosis	UC	0.548059820866405	0.80953872637963	1595	975	0.499851854977589	0.676497782088682
C2likevirus.unclassified	diagnosis	UC	-0.218525043816426	0.325861266073171	1595	389	0.503858415899854	0.676497782088682
Bacteroides.fragilis	diagnosis	UC	0.999416217449974	1.55585019464869	1595	891	0.521840647254038	0.684384100081498
Parabacteroides.merdae	diagnosis	UC	0.87440323064781	1.36889949372655	1595	911	0.524151314744957	0.684384100081498
Ruminococcus.lactaris	diagnosis	UC	-0.696641650106306	1.07294895720223	1595	454	0.517353430833959	0.684384100081498
Parasutterella.excrementihominis	diagnosis	CD	-0.604379140295308	0.944229860306622	1595	759	0.523314666386613	0.684384100081498
Bacteroides.intestinalis	diagnosis	CD	0.396641256002622	0.642875934774546	1595	193	0.538364792971423	0.695732963224608
Peptostreptococcaceae.noname.unclassified	diagnosis	UC	-0.245953420633039	0.397732901269734	1595	423	0.537593780223348	0.695732963224608
Bacteroides.finegoldii	diagnosis	UC	-0.737963892297002	1.2569404790571	1595	400	0.558202992122297	0.706870120677482
Odoribacter.splanchnicus	diagnosis	CD	0.21232326287243	0.358392799181408	1595	662	0.554677851604954	0.706870120677482
Ruminococcus.obeum	diagnosis	CD	-0.330011963971668	0.559032443301922	1595	1346	0.556156957907624	0.706870120677482
Ruminococcus.torques	diagnosis	UC	-0.239320224182715	0.401543181607412	1595	1514	0.552432205663163	0.706870120677482
Roseburia.unclassified	diagnosis	UC	-0.473664978863965	0.843576916289425	1595	513	0.57558261617415	0.725234096379429
Bacteroides.vulgatus	diagnosis	UC	0.605539559225954	1.1145416401202	1595	1455	0.587878595971779	0.737041821815365
Streptococcus.salivarius	diagnosis	CD	0.33713202174576	0.629681679367217	1595	582	0.593408363767757	0.738342523621705
Clostridium.clostridioforme	diagnosis	UC	0.452841971533957	0.855702538894025	1595	518	0.597705852455666	0.738342523621705
Haemophilus.parainfluenzae	diagnosis	UC	0.474541085938126	0.894488484858016	1595	887	0.596748772829695	0.738342523621705
Bacteroides.uniformis	diagnosis	CD	0.478330231505933	0.915585793015187	1595	1391	0.602312829581186	0.740404063680287
Bacteroides.ovatus	diagnosis	CD	0.499621916794701	1.0035118049742	1595	1319	0.619446465685919	0.748834805450604
Parabacteroides.merdae	diagnosis	CD	-0.616821808084427	1.24413140154572	1595	911	0.620923377874094	0.748834805450604
Veillonella.atypica	diagnosis	CD	0.328532329523636	0.662484436442925	1595	524	0.620968831608032	0.748834805450604
Parasutterella.excrementihominis	diagnosis	UC	0.515120354733298	1.03938275969229	1595	759	0.621057437853874	0.748834805450604
Roseburia.intestinalis	diagnosis	UC	0.563196820001576	1.16732288453775	1595	1001	0.630362245922152	0.756434695106582
Paraprevotella.unclassified	diagnosis	UC	0.497885321257903	1.08257404336308	1595	243	0.646395247283641	0.771998115239229
Burkholderiales.bacterium.1.1.47	diagnosis	CD	-0.427480231296117	0.950243383334491	1595	731	0.65359964174318	0.776920328864535
Roseburia.inulinivorans	diagnosis	UC	-0.379897364934138	0.877492054277283	1595	1074	0.665858494504503	0.787776247019412
Bacteroides.stercoris	diagnosis	UC	0.721940259577638	1.71380677166182	1595	1063	0.674302790233554	0.794038799714279
Veillonella.parvula	diagnosis	CD	0.353160322814012	0.893242925438209	1595	853	0.693324768138197	0.812641123585235
Veillonella.dispar	diagnosis	UC	-0.268821465706198	0.690542940228041	1595	495	0.697750068474289	0.814041746553337
Bifidobacterium.pseudocatenulatum	diagnosis	UC	-0.193970478072441	0.535405936553321	1595	230	0.71774713418615	0.825054024689347
Alistipes.unclassified	diagnosis	CD	0.253296329726658	0.714485921333468	1595	224	0.723559283556927	0.825054024689347
Clostridium.symbiosum	dysbiosis	dysbiosis	-0.0497863115016962	0.140086376926708	1595	801	0.722341162329711	0.825054024689347
Coprococcus.comes	diagnosis	CD	-0.275376595110383	0.768022359427038	1595	848	0.720554678018196	0.825054024689347
Escherichia.unclassified	diagnosis	CD	0.152443200103905	0.423549260374697	1595	637	0.719706280471952	0.825054024689347
Lachnospiraceae.bacterium.1.1.57FAA	diagnosis	CD	-0.196959996986315	0.566069439508045	1595	475	0.72848140470361	0.826924837771665
Bacteroides.faecis	diagnosis	UC	-0.393611683259764	1.28890408086419	1595	604	0.760582688185232	0.854643991971383
Bacteroides.intestinalis	diagnosis	UC	-0.215711037324549	0.707374027275022	1595	193	0.760910322822236	0.854643991971383
Bacteroides.thetaiotaomicron	diagnosis	UC	0.402908020533162	1.33367312425772	1595	1121	0.763074992831592	0.854643991971383
Veillonella.unclassified	diagnosis	UC	0.273919442737976	0.973523269580115	1595	995	0.778928442024429	0.868539678717505
Bifidobacterium.adolescentis	diagnosis	UC	-0.264182570756987	0.987341268188311	1595	555	0.78948114771209	0.876428410675977
Bifidobacterium.bifidum	diagnosis	UC	0.199311277635959	0.828130775440635	1595	425	0.810192298677363	0.887688953333458
Bacteroides.dorei	diagnosis	UC	0.345156507324459	1.41946354396258	1595	1048	0.808281451762836	0.887688953333458
Clostridium.nexile	diagnosis	UC	-0.171138118099345	0.694235978723468	1595	273	0.805732143194298	0.887688953333458
Bifidobacterium.bifidum	diagnosis	CD	-0.172742854332924	0.752248546859523	1595	425	0.81874388117344	0.893175143098299
Veillonella.unclassified	diagnosis	CD	-0.198455589146497	0.88388450773872	1595	995	0.822742988936114	0.893669108671986
Paraprevotella.clara	diagnosis	UC	-0.170021749828345	0.818350217298654	1595	191	0.835760048291953	0.903912155234215
Alistipes.unclassified	diagnosis	UC	-0.134400308719545	0.786764238399764	1595	224	0.864639789764138	0.927188200087501
Eubacterium.hallii	diagnosis	UC	0.134749172047826	0.770713849221744	1595	923	0.861500189110325	0.927188200087501
Veillonella.atypica	dysbiosis	dysbiosis	0.0184222522438629	0.121422686625887	1595	524	0.879428559979307	0.939050835232142
Prevotella.copri	diagnosis	UC	0.201336749218269	1.51055662798592	1595	439	0.894189581510702	0.946788968658391
Lachnospiraceae.bacterium.3.1.46FAA	diagnosis	CD	-0.106676917153513	0.788370080453105	1595	992	0.892594073554688	0.946788968658391
Bifidobacterium.pseudocatenulatum	diagnosis	CD	0.0519055508361404	0.486109566414994	1595	230	0.915136252627793	0.959446822174593
Clostridium.nexile	diagnosis	CD	-0.0653864750444508	0.630341223121594	1595	273	0.91756620692094	0.959446822174593
Dorea.longicatena	diagnosis	UC	-0.106670718731032	0.973051530661762	1595	1063	0.912892249602215	0.959446822174593
Ruminococcus.torques	diagnosis	CD	-0.0335977703254944	0.364564279361812	1595	1514	0.926743975659208	0.96503918126496
Coprococcus.comes	diagnosis	UC	0.0700816476893011	0.845647103024782	1595	848	0.934088784896528	0.968684665818622
Bacteroides.faecis	diagnosis	CD	-0.0786225329029357	1.17169629059218	1595	604	0.946608716244692	0.97023313952188
Clostridium.citroniae	diagnosis	UC	-0.0300200007385897	0.52874147637751	1595	462	0.954832613497723	0.97023313952188
Veillonella.parvula	diagnosis	UC	0.0611704778464262	0.983723238805242	1595	853	0.950528276611541	0.97023313952188
Klebsiella.pneumoniae	diagnosis	UC	0.0280374719549657	0.4010398641594	1595	171	0.94441798362638	0.97023313952188
Haemophilus.parainfluenzae	diagnosis	CD	-0.0480100512811868	0.812108669543845	1595	887	0.952958188769401	0.97023313952188
Bifidobacterium.longum	diagnosis	CD	-0.035505069411643	0.92976836207371	1595	1002	0.969601138815787	0.981283080247302
Bacteroides.massiliensis	diagnosis	UC	-0.0333928484949476	1.53590559204056	1595	577	0.98268958433894	0.990551101013651
Dialister.invisus	diagnosis	UC	-0.0172098610099322	1.2152764644324	1595	777	0.988724232098935	0.992663372465863
Bacteroides.dorei	diagnosis	CD	-0.0115219337275493	1.28986592919397	1595	1048	0.992887192758672	0.992887192758672
